*Dist.Code*,*Dist.Name*,*School Name*,*Enroll*,*Free*,*% Free*,*Re-duced*,*% Re-duced*,*Eligible*,*%Eligible*,County
1007,Auburn School Department,Auburn Middle School,519,248,47.78,28,5.39,276,53.18,Androscoggin
1007,Auburn School Department,East Auburn Community School,189,76,40.21,11,5.82,87,46.03,Androscoggin
1007,Auburn School Department,Edward Little High School,1038,457,44.03,43,4.14,500,48.17,Androscoggin
1007,Auburn School Department,Fairview School,554,172,31.05,27,4.87,199,35.92,Androscoggin
1007,Auburn School Department,Park Avenue Elementary School,368,214,58.15,15,4.08,229,62.23,Androscoggin
1007,Auburn School Department,Sherwood Heights Elementary Sch,416,226,54.33,19,4.57,245,58.89,Androscoggin
1007,Auburn School Department,Walton School,280,171,61.07,29,10.36,200,71.43,Androscoggin
1007,Auburn School Department,Washburn School,270,199,73.7,19,7.04,218,80.74,Androscoggin
5027,Becket Family Of Services,Becket - Auburn,6,6,100,0,0,6,100,Androscoggin
1088,Lewiston School Department,Farwell Elementary School,367,216,58.86,17,4.63,233,63.49,Androscoggin
1088,Lewiston School Department,Governor James B Longley Elem Sch,382,381,99.74,0,0,381,99.74,Androscoggin
1088,Lewiston School Department,Lewiston High School,1324,721,54.46,52,3.93,773,58.38,Androscoggin
1088,Lewiston School Department,Lewiston Middle School,688,439,63.81,31,4.51,470,68.31,Androscoggin
1088,Lewiston School Department,Martel School,323,212,65.63,14,4.33,226,69.97,Androscoggin
1088,Lewiston School Department,Montello School,678,526,77.58,13,1.92,539,79.5,Androscoggin
1088,Lewiston School Department,Raymond A. Geiger Elementary School,739,437,59.13,19,2.57,456,61.71,Androscoggin
1088,Lewiston School Department,Thomas J Mcmahon Elementary Sch,645,372,57.67,17,2.64,389,60.31,Androscoggin
1092,Lisbon School Department,Lisbon Community School,644,300,46.58,59,9.16,359,55.75,Androscoggin
1092,Lisbon School Department,Lisbon High School,393,135,34.35,57,14.5,192,48.85,Androscoggin
1092,Lisbon School Department,Philip W Sugg Middle School,268,121,45.15,33,12.31,154,57.46,Androscoggin
5099,N F I North,N.F.I. Dirigo Place,7,4,57.14,0,0,4,57.14,Androscoggin
5099,N F I North,N.F.I.Dodge House,12,12,100,0,0,12,100,Androscoggin
5702,New Beginnings,New Beginnings Shelter,12,12,100,0,0,12,100,Androscoggin
3157,Rsu 04,Oak Hill High School,450,175,38.89,36,8,211,46.89,Androscoggin
3157,Rsu 04,Oak Hill Middle School,326,154,47.24,32,9.82,186,57.06,Androscoggin
3157,Rsu 04,Sabattus Primary School,185,85,45.95,15,8.11,100,54.05,Androscoggin
3158,Rsu 05,Durham Elementary School,420,89,21.19,24,5.71,113,26.9,Androscoggin
3163,Rsu 16,Bruce M Whittier Middle School,274,88,32.12,23,8.39,111,40.51,Androscoggin
3163,Rsu 16,Elm Street School-Mechanic Falls,301,143,47.51,17,5.65,160,53.16,Androscoggin
3163,Rsu 16,Minot Consolidated School,261,72,27.59,24,9.2,96,36.78,Androscoggin
3163,Rsu 16,Poland Community School,501,184,36.73,36,7.19,220,43.91,Androscoggin
3163,Rsu 16,Poland Regional H S,566,184,32.51,38,6.71,222,39.22,Androscoggin
1246,Rsu 52/Msad 52,Greene Central School,377,122,32.36,26,6.9,148,39.26,Androscoggin
1246,Rsu 52/Msad 52,Leavitt Area High School,625,164,26.24,62,9.92,226,36.16,Androscoggin
1246,Rsu 52/Msad 52,Leeds Central School,189,75,39.68,19,10.05,94,49.74,Androscoggin
1246,Rsu 52/Msad 52,Tripp Middle School,299,82,27.42,31,10.37,113,37.79,Androscoggin
1246,Rsu 52/Msad 52,Turner Elementary School,200,61,30.5,20,10,81,40.5,Androscoggin
1246,Rsu 52/Msad 52,Turner Primary School,335,100,29.85,27,8.06,127,37.91,Androscoggin
3198,Rsu 73,Livermore Elementary School,466,273,58.58,33,7.08,306,65.67,Androscoggin
5728,Rumford Group Home,Turner Family Support,4,4,100,0,0,4,100,Androscoggin
1375,Spurwink School Inc,Spurwink Services--Auburn,25,14,56,1,4,15,60,Androscoggin
1360,St Dominic Academy,St Dominick Academy,262,12,4.58,6,2.29,18,6.87,Androscoggin
1033,Caswell School Department,Dawn F Barnes Elementary Sch,32,26,81.25,2,6.25,28,87.5,Aroostook
5602,Connor Consolidated School,Connor Consolidated School,32,17,53.13,9,28.13,26,81.25,Aroostook
1053,Easton School Department,Easton Elementary School,112,49,43.75,13,11.61,62,55.36,Aroostook
1053,Easton School Department,Easton Junior-Senior High Sch,63,22,34.92,8,12.7,30,47.62,Aroostook
1097,Madawaska School Department,Madawaska Elementary School,240,90,37.5,17,7.08,107,44.58,Aroostook
1097,Madawaska School Department,Madawaska Middle/High School,240,69,28.75,22,9.17,91,37.92,Aroostook
1221,Msad 27,Eagle Lake Elem/Jr High School,56,18,32.14,3,5.36,21,37.5,Aroostook
1221,Msad 27,Fort Kent Community High School,336,188,55.95,44,13.1,232,69.05,Aroostook
1221,Msad 27,Fort Kent Elementary School,376,174,46.28,23,6.12,197,52.39,Aroostook
1221,Msad 27,St Francis Elementary School,29,20,68.97,1,3.45,21,72.41,Aroostook
1221,Msad 27,Wallagrass Elementary School,72,38,52.78,8,11.11,46,63.89,Aroostook
1116,New Sweden School Department,New Sweden Consolidated School,64,35,54.69,11,17.19,46,71.88,Aroostook
1386,Opportunity Training Center,Opportunity Training Center,25,15,60,4,16,19,76,Aroostook
1223,Rsu 29/Msad 29,Houlton Elementary School,443,283,63.88,25,5.64,308,69.53,Aroostook
1223,Rsu 29/Msad 29,Houlton High School,348,143,41.09,34,9.77,177,50.86,Aroostook
1223,Rsu 29/Msad 29,Houlton Junior High School,189,90,47.62,20,10.58,110,58.2,Aroostook
1223,Rsu 29/Msad 29,Houlton Southside School,284,141,49.65,29,10.21,170,59.86,Aroostook
1223,Rsu 29/Msad 29,Wellington School,67,46,68.66,4,5.97,50,74.63,Aroostook
1226,Rsu 32/Msad 32,Ashland District School,316,145,45.89,34,10.76,179,56.65,Aroostook
1227,Rsu 33/Msad 33,Dr Levesque Elementary School,122,55,45.08,4,3.28,59,48.36,Aroostook
1227,Rsu 33/Msad 33,Wisdom Middle High School,145,47,32.41,17,11.72,64,44.14,Aroostook
3174,Rsu 39,Caribou High School,471,164,34.82,23,4.88,187,39.7,Aroostook
3174,Rsu 39,Caribou Middle School,278,104,37.41,18,6.47,122,43.88,Aroostook
3174,Rsu 39,Hilltop Elementary School,306,161,52.61,20,6.54,181,59.15,Aroostook
3174,Rsu 39,Limestone Community School,263,183,69.58,18,6.84,201,76.43,Aroostook
3174,Rsu 39,Teague Park School,246,112,45.53,27,10.98,139,56.5,Aroostook
1236,Rsu 42/Msad 42,Central Aroostook Jr-Sr H S,202,65,32.18,21,10.4,86,42.57,Aroostook
1236,Rsu 42/Msad 42,Fort Street School,237,100,42.19,19,8.02,119,50.21,Aroostook
1239,Rsu 45/Msad 45,Washburn District Elem School,267,150,56.18,23,8.61,173,64.79,Aroostook
1239,Rsu 45/Msad 45,Washburn District High School,126,49,38.89,13,10.32,62,49.21,Aroostook
3199,Rsu 50,So Aroostook Csd School,370,216,58.38,34,9.19,250,67.57,Aroostook
1262,Rsu 70/Msad 70,Mill Pond School,343,195,56.85,46,13.41,241,70.26,Aroostook
1262,Rsu 70/Msad 70,Sad 70 Hodgdon High School,174,90,51.72,16,9.2,106,60.92,Aroostook
1196,Rsu 79/Msad 01,Eva Hoyt Zippel School,295,145,49.15,26,8.81,171,57.97,Aroostook
1196,Rsu 79/Msad 01,Mapleton Elementary School,203,68,33.5,6,2.96,74,36.45,Aroostook
1196,Rsu 79/Msad 01,Pine Street Elementary School,370,202,54.59,13,3.51,215,58.11,Aroostook
1196,Rsu 79/Msad 01,Presque Isle High School,550,182,33.09,54,9.82,236,42.91,Aroostook
1196,Rsu 79/Msad 01,Presque Isle Middle School,434,169,38.94,53,12.21,222,51.15,Aroostook
1214,Rsu 86/Msad 20,Fort Fairfield Elementary School,259,155,59.85,21,8.11,176,67.95,Aroostook
1214,Rsu 86/Msad 20,Fort Fairfield Middle/High School,271,130,47.97,27,9.96,157,57.93,Aroostook
1218,Rsu 88/Msad 24,Van Buren District Secondary Sch,95,49,51.58,5,5.26,54,56.84,Aroostook
1218,Rsu 88/Msad 24,Van Buren Elementary School,217,142,65.44,13,5.99,155,71.43,Aroostook
1187,Woodland School Department,Woodland Consolidated Sch,134,65,48.51,12,8.96,77,57.46,Aroostook
1296,Arthur R. Gould Sch--Lcydc,Arthur R. Gould Sch--Lcydc,107,107,100,0,0,107,100,Cumberland
5027,Becket Family Of Services,Becket - Gorham,7,7,100,0,0,7,100,Cumberland
1026,Brunswick School Department,Brunswick High School,846,191,22.58,56,6.62,247,29.2,Cumberland
1026,Brunswick School Department,Brunswick Jr High School,501,134,26.75,30,5.99,164,32.73,Cumberland
1026,Brunswick School Department,Coffin School,350,130,37.14,13,3.71,143,40.86,Cumberland
1026,Brunswick School Department,Harriet Beecher Stowe Elementary School,694,227,32.71,47,6.77,274,39.48,Cumberland
1029,Cape Elizabeth School Department,Cape Elizabeth High School,554,43,7.76,6,1.08,49,8.84,Cumberland
1029,Cape Elizabeth School Department,Cape Elizabeth Middle School,546,34,6.23,7,1.28,41,7.51,Cumberland
1029,Cape Elizabeth School Department,Pond Cove Elementary,573,32,5.58,7,1.22,39,6.81,Cumberland
1057,Falmouth School Department,Falmouth Elemetary School,897,43,4.79,14,1.56,57,6.35,Cumberland
1057,Falmouth School Department,Falmouth High School,710,25,3.52,9,1.27,34,4.79,Cumberland
1057,Falmouth School Department,Falmouth Middle School,518,23,4.44,8,1.54,31,5.98,Cumberland
1065,Gorham School Department,Gorham High School,855,164,19.18,18,2.11,182,21.29,Cumberland
1065,Gorham School Department,Gorham Middle School,655,117,17.86,15,2.29,132,20.15,Cumberland
1065,Gorham School Department,Great Falls Elementary School,529,110,20.79,7,1.32,117,22.12,Cumberland
1065,Gorham School Department,Narragansett Elementary School,257,67,26.07,9,3.5,76,29.57,Cumberland
1065,Gorham School Department,Village Elementary School-Gorham,436,75,17.2,2,0.46,77,17.66,Cumberland
1408,Holy Cross School S Portland,Holy Cross School-S Portland,142,19,13.38,3,2.11,22,15.49,Cumberland
1135,Long Island School Department,Long Island Elementary School,22,4,18.18,1,4.55,5,22.73,Cumberland
1297,Me Educational Ctr For The Deaf & Hard Of Hearing,Governor Baxter School For The Deaf,80,25,31.25,7,8.75,32,40,Cumberland
5099,N F I North,N.F.I. Bridge Crossing,12,11,91.67,0,0,11,91.67,Cumberland
1134,Portland Public Schools,Casco Bay High School,336,136,40.48,5,1.49,141,41.96,Cumberland
1134,Portland Public Schools,Deering High School,932,468,50.21,35,3.76,503,53.97,Cumberland
1134,Portland Public Schools,East End Community School,428,317,74.07,11,2.57,328,76.64,Cumberland
1134,Portland Public Schools,Fred P Hall School,449,179,39.87,13,2.9,192,42.76,Cumberland
1134,Portland Public Schools,Harrison Lyseth Elem School,519,167,32.18,20,3.85,187,36.03,Cumberland
1134,Portland Public Schools,Howard C Reiche Community Sch,364,263,72.25,8,2.2,271,74.45,Cumberland
1134,Portland Public Schools,King Middle School,536,269,50.19,21,3.92,290,54.1,Cumberland
1134,Portland Public Schools,Lincoln Middle School,481,224,46.57,21,4.37,245,50.94,Cumberland
1134,Portland Public Schools,Longfellow School-Portland,369,88,23.85,9,2.44,97,26.29,Cumberland
1134,Portland Public Schools,Lyman Moore Middle School,501,244,48.7,33,6.59,277,55.29,Cumberland
1134,Portland Public Schools,Ocean Avenue School,438,202,46.12,9,2.05,211,48.17,Cumberland
1134,Portland Public Schools,Peaks Island School,52,5,9.62,6,11.54,11,21.15,Cumberland
1134,Portland Public Schools,Portland High School,878,422,48.06,34,3.87,456,51.94,Cumberland
1134,Portland Public Schools,Presumpscot School,282,201,71.28,14,4.96,215,76.24,Cumberland
1134,Portland Public Schools,Riverton School,457,325,71.12,13,2.84,338,73.96,Cumberland
3158,Rsu 05,Freeport High School,516,73,14.15,27,5.23,100,19.38,Cumberland
3158,Rsu 05,Freeport Middle School,300,57,19,11,3.67,68,22.67,Cumberland
3158,Rsu 05,Mast Landing School,273,65,23.81,5,1.83,70,25.64,Cumberland
3158,Rsu 05,Morse Street School,274,56,20.44,6,2.19,62,22.63,Cumberland
3158,Rsu 05,Pownal Elementary School,80,12,15,0,0,12,15,Cumberland
1200,Rsu 06/ Msad 06,Bonny Eagle High School,1173,356,30.35,81,6.91,437,37.25,Cumberland
1200,Rsu 06/ Msad 06,Edna Libby Elementary School,287,117,40.77,17,5.92,134,46.69,Cumberland
1200,Rsu 06/ Msad 06,George E Jack School,190,69,36.32,14,7.37,83,43.68,Cumberland
1200,Rsu 06/ Msad 06,Steep Falls Elementary School,118,40,33.9,8,6.78,48,40.68,Cumberland
3162,Rsu 14 Raymond/Windham,Jordan-Small Middle School,188,56,29.79,14,7.45,70,37.23,Cumberland
3162,Rsu 14 Raymond/Windham,Manchester School,401,125,31.17,34,8.48,159,39.65,Cumberland
3162,Rsu 14 Raymond/Windham,Raymond Elementary School,232,62,26.72,16,6.9,78,33.62,Cumberland
3162,Rsu 14 Raymond/Windham,Windham High School,1035,293,28.31,80,7.73,373,36.04,Cumberland
3162,Rsu 14 Raymond/Windham,Windham Middle School,600,166,27.67,47,7.83,213,35.5,Cumberland
3162,Rsu 14 Raymond/Windham,Windham Primary School,819,260,31.75,39,4.76,299,36.51,Cumberland
1209,Rsu 15/Msad 15,Burchard A Dunn School,378,117,30.95,23,6.08,140,37.04,Cumberland
1209,Rsu 15/Msad 15,Gray-New Gloucester High School,509,137,26.92,30,5.89,167,32.81,Cumberland
1209,Rsu 15/Msad 15,Gray-New Gloucester Middle School,653,196,30.02,48,7.35,244,37.37,Cumberland
1209,Rsu 15/Msad 15,Memorial School,207,78,37.68,12,5.8,90,43.48,Cumberland
1209,Rsu 15/Msad 15,Russell School,287,88,30.66,19,6.62,107,37.28,Cumberland
1211,Rsu 17/Msad 17,Harrison Elementary,144,75,52.08,14,9.72,89,61.81,Cumberland
1245,Rsu 51/Msad 51,Greely High School,673,45,6.69,21,3.12,66,9.81,Cumberland
1245,Rsu 51/Msad 51,Greely Middle School,494,39,7.89,13,2.63,52,10.53,Cumberland
1245,Rsu 51/Msad 51,Mabel I Wilson School,558,55,9.86,11,1.97,66,11.83,Cumberland
1245,Rsu 51/Msad 51,North Yarmouth Memorial School,325,32,9.85,4,1.23,36,11.08,Cumberland
1249,Rsu 55/Msad 55,Baldwin Consolidated School,75,25,33.33,14,18.67,39,52,Cumberland
1255,Rsu 61/Msad 61,Lake Region High School,528,206,39.02,43,8.14,249,47.16,Cumberland
1255,Rsu 61/Msad 61,Lake Region Middle School,393,175,44.53,36,9.16,211,53.69,Cumberland
1255,Rsu 61/Msad 61,Sebago Elementary School,82,37,45.12,7,8.54,44,53.66,Cumberland
1255,Rsu 61/Msad 61,Songo Locks School,463,194,41.9,44,9.5,238,51.4,Cumberland
1255,Rsu 61/Msad 61,Stevens Brook School,298,167,56.04,20,6.71,187,62.75,Cumberland
1266,Rsu 75/Msad 75,Harpswell Islands School,166,61,36.75,14,8.43,75,45.18,Cumberland
1149,Scarborough School Department,Benjamin Wentworth Intermediate,703,101,14.37,30,4.27,131,18.63,Cumberland
1149,Scarborough School Department,Blue Point School,232,34,14.66,5,2.16,39,16.81,Cumberland
1149,Scarborough School Department,Eight Corners Elementary School,233,39,16.74,10,4.29,49,21.03,Cumberland
1149,Scarborough School Department,Pleasant Hill School,166,18,10.84,3,1.81,21,12.65,Cumberland
1149,Scarborough School Department,Scarborough High School,1043,115,11.03,41,3.93,156,14.96,Cumberland
1149,Scarborough School Department,Scarborough Middle School,790,115,14.56,39,4.94,154,19.49,Cumberland
1155,South Portland School Department,Daniel F. Mahoney Middle School,307,91,29.64,23,7.49,114,37.13,Cumberland
1155,South Portland School Department,Dora L Small Elementary School,329,71,21.58,21,6.38,92,27.96,Cumberland
1155,South Portland School Department,Dyer Elementary School,269,47,17.47,9,3.35,56,20.82,Cumberland
1155,South Portland School Department,Frank I Brown Elementary School,301,85,28.24,7,2.33,92,30.56,Cumberland
1155,South Portland School Department,James Otis Kaler Elementary School,229,128,55.9,15,6.55,143,62.45,Cumberland
1155,South Portland School Department,Memorial Middle School,418,138,33.01,21,5.02,159,38.04,Cumberland
1155,South Portland School Department,South Portland High School,852,263,30.87,46,5.4,309,36.27,Cumberland
1155,South Portland School Department,Waldo T Skillin Elementary School,398,191,47.99,22,5.53,213,53.52,Cumberland
1375,Spurwink School Inc,Spurwink-Cummings School,50,34,68,0,0,34,68,Cumberland
3148,St Brigid School,St Brigid School,377,22,5.84,1,0.27,23,6.1,Cumberland
1175,Westbrook School Department,Congin School,425,216,50.82,24,5.65,240,56.47,Cumberland
1175,Westbrook School Department,Oxford-Cumberland Canal School,314,191,60.83,25,7.96,216,68.79,Cumberland
1175,Westbrook School Department,Saccarappa School,328,194,59.15,25,7.62,219,66.77,Cumberland
1175,Westbrook School Department,Westbrook High School,701,300,42.8,52,7.42,352,50.21,Cumberland
1175,Westbrook School Department,Westbrook Middle School,770,385,50,66,8.57,451,58.57,Cumberland
1190,Yarmouth Schools,Frank H Harrison Middle School,472,38,8.05,7,1.48,45,9.53,Cumberland
1190,Yarmouth Schools,William H Rowe School,183,16,8.74,3,1.64,19,10.38,Cumberland
1190,Yarmouth Schools,Yarmouth Elementary School,321,35,10.9,6,1.87,41,12.77,Cumberland
1190,Yarmouth Schools,Yarmouth High School,501,33,6.59,8,1.6,41,8.18,Cumberland
3229,Eustis Public Schools,Stratton Elementary School,74,36,48.65,7,9.46,43,58.11,Franklin
1203,Rsu 09/ Msad 09,Academy Hill School,177,93,52.54,17,9.6,110,62.15,Franklin
1203,Rsu 09/ Msad 09,Cape Cod Hill Elem School,203,85,41.87,17,8.37,102,50.25,Franklin
1203,Rsu 09/ Msad 09,Cascade Brook School,280,134,47.86,10,3.57,144,51.43,Franklin
1203,Rsu 09/ Msad 09,Gerald D Cushing School,186,100,53.76,11,5.91,111,59.68,Franklin
1203,Rsu 09/ Msad 09,Mt Blue High School,715,282,39.44,60,8.39,342,47.83,Franklin
1203,Rsu 09/ Msad 09,Mt Blue Middle School,316,135,42.72,26,8.23,161,50.95,Franklin
1203,Rsu 09/ Msad 09,W G Mallett School,464,242,52.16,28,6.03,270,58.19,Franklin
1252,Rsu 58/ Msad 58,Kingfield Elementary School,153,53,34.64,17,11.11,70,45.75,Franklin
1252,Rsu 58/ Msad 58,Mt Abram Regional High School,257,103,40.08,42,16.34,145,56.42,Franklin
1252,Rsu 58/ Msad 58,Phillips Elementary School,169,102,60.36,27,15.98,129,76.33,Franklin
1252,Rsu 58/ Msad 58,Strong Elementary School,176,84,47.73,30,17.05,114,64.77,Franklin
3198,Rsu 73,Jay Elementary School,318,169,53.14,24,7.55,193,60.69,Franklin
3198,Rsu 73,Spruce Mountain Hs North Campus (Jay Hs),486,213,43.83,45,9.26,258,53.09,Franklin
3198,Rsu 73,Spruce Mountain Middle (Was Jay Middle),396,208,52.53,34,8.59,242,61.11,Franklin
3184,Rsu 78 (Rangeley Area),Rangeley Lakes Regional School,190,56,29.47,17,8.95,73,38.42,Franklin
1284,Airline Csd,Airline Community School,37,15,40.54,4,10.81,19,51.35,Hancock
1012,Bar Harbor School Department,Conners-Emerson School,388,55,14.18,16,4.12,71,18.3,Hancock
1017,Blue Hill School Department,Blue Hill Consolidated School,243,73,30.04,10,4.12,83,34.16,Hancock
1024,Brooklin School Department,Brooklin School,65,27,41.54,4,6.15,31,47.69,Hancock
1025,Brooksville School Department,Brooksville Elementary School,55,14,25.45,6,10.91,20,36.36,Hancock
1032,Castine School Department,Adams School,49,16,32.65,0,0,16,32.65,Hancock
1046,Dedham School Department,Dedham School,179,37,20.67,7,3.91,44,24.58,Hancock
1289,Deer Isle-Stonington Csd,Deer Isle-Stonington Elementary Sch,220,114,51.82,36,16.36,150,68.18,Hancock
1289,Deer Isle-Stonington Csd,Deer Isle-Stonington High Sch,109,47,43.12,8,7.34,55,50.46,Hancock
1339,Kids Peace New England,Kids Peace New England,28,21,75,1,3.57,22,78.57,Hancock
1112,Mount Desert School Department,Mt Desert Elementary School,185,22,11.89,6,3.24,28,15.14,Hancock
1283,Mount Desert (High School),Mt Desert Island High School,532,108,20.3,32,6.02,140,26.32,Hancock
1267,Msad 76,Swans Island Elementary School,36,14,38.89,4,11.11,18,50,Hancock
1125,Otis School Department,Beech Hill School - Otis,92,32,34.78,9,9.78,41,44.57,Hancock
1128,Penobscot School Department,Penobscot Elementary School,70,30,42.86,8,11.43,38,54.29,Hancock
3169,Rsu 24,Cave Hill School,86,45,52.33,12,13.95,57,66.28,Hancock
3169,Rsu 24,Ellsworth Elementary-Middle School,830,275,33.13,50,6.02,325,39.16,Hancock
3169,Rsu 24,Ellsworth High School,554,138,24.91,26,4.69,164,29.6,Hancock
3169,Rsu 24,Hancock Grammar School,213,84,39.44,17,7.98,101,47.42,Hancock
3169,Rsu 24,Lamoine Consolidated School,103,39,37.86,3,2.91,42,40.78,Hancock
3169,Rsu 24,Mountain View School,264,161,60.98,26,9.85,187,70.83,Hancock
3169,Rsu 24,Peninsula Csd School,211,110,52.13,16,7.58,126,59.72,Hancock
3169,Rsu 24,Sumner Memorial High School,250,105,42,27,10.8,132,52.8,Hancock
3170,Rsu 25,Bucksport High School,293,98,33.45,22,7.51,120,40.96,Hancock
3170,Rsu 25,Bucksport Middle School,319,141,44.2,29,9.09,170,53.29,Hancock
3170,Rsu 25,G Herbert Jewett School,149,81,54.36,13,8.72,94,63.09,Hancock
3170,Rsu 25,Miles Lane School,304,142,46.71,21,6.91,163,53.62,Hancock
1156,Southwest Harbor School Department,Pemetic Elementary School,148,35,23.65,6,4.05,41,27.7,Hancock
1159,Surry School Department,Surry Elementary School,101,38,37.62,13,12.87,51,50.5,Hancock
1150,Sedgwick School Department,Sedgwick Elementary School,97,59,60.82,7,7.22,66,68.04,Hancock
1162,Tremont School Department,Tremont Consolidated School,108,30,27.78,10,9.26,40,37.04,Hancock
1163,Trenton School Department,Trenton Elementary School,124,56,45.16,18,14.52,74,59.68,Hancock
1008,Augusta Public Schools,Cony High School,1024,471,46,76,7.42,547,53.42,Kennebec
1008,Augusta Public Schools,Farrington School,390,232,59.49,24,6.15,256,65.64,Kennebec
1008,Augusta Public Schools,Lillian Parks Hussey School,204,91,44.61,11,5.39,102,50,Kennebec
1008,Augusta Public Schools,Lincoln School,275,191,69.45,9,3.27,200,72.73,Kennebec
1008,Augusta Public Schools,Sylvio J Gilbert School,275,181,65.82,19,6.91,200,72.73,Kennebec
5027,Becket Family Of Services,Becket - Litchfield,10,10,100,0,0,10,100,Kennebec
5027,Becket Family Of Services,Belgrade House,12,12,100,0,0,12,100,Kennebec
5027,Becket Family Of Services,Central Maine Learning Center,50,50,100,0,0,50,100,Kennebec
1332,Erskine Academy,Erskine Academy,570,138,24.21,50,8.77,188,32.98,Kennebec
1058,Fayette School Department,Fayette Central School,77,17,22.08,9,11.69,26,33.77,Kennebec
1415,Mount Merici School,Mount Merici School,201,10,4.98,0,0,10,4.98,Kennebec
5099,N F I North,N.F.I. Sidney Riverbend,8,4,50,0,0,4,50,Kennebec
3156,Rsu 02 Kennebec Intra-District,Hall-Dale Elementary School,323,106,32.82,10,3.1,116,35.91,Kennebec
3156,Rsu 02 Kennebec Intra-District,Hall-Dale High School,308,86,27.92,13,4.22,99,32.14,Kennebec
3156,Rsu 02 Kennebec Intra-District,Hall-Dale Middle School,215,80,37.21,10,4.65,90,41.86,Kennebec
3156,Rsu 02 Kennebec Intra-District,Henry L Cottrell School,221,83,37.56,7,3.17,90,40.72,Kennebec
3156,Rsu 02 Kennebec Intra-District,Monmouth Academy,220,61,27.73,11,5,72,32.73,Kennebec
3156,Rsu 02 Kennebec Intra-District,Monmouth Middle School,215,77,35.81,21,9.77,98,45.58,Kennebec
3157,Rsu 04,Carrie Ricker Middle School,316,150,47.47,26,8.23,176,55.7,Kennebec
3157,Rsu 04,Libby-Tozier School,205,98,47.8,13,6.34,111,54.15,Kennebec
1205,Rsu 11/Msad 11,Gardiner Area High School,611,194,31.75,36,5.89,230,37.64,Kennebec
1205,Rsu 11/Msad 11,Gardiner Regional Middle School,485,187,38.56,44,9.07,231,47.63,Kennebec
1205,Rsu 11/Msad 11,Helen Thompson School,261,79,30.27,23,8.81,102,39.08,Kennebec
1205,Rsu 11/Msad 11,Laura E Richards School,182,102,56.04,6,3.3,108,59.34,Kennebec
1205,Rsu 11/Msad 11,Pittston Consolidated School,191,78,40.84,24,12.57,102,53.4,Kennebec
1205,Rsu 11/Msad 11,River View Community School,186,87,46.77,15,8.06,102,54.84,Kennebec
1205,Rsu 11/Msad 11,Teresa C Hamlin Elem School,67,35,52.24,9,13.43,44,65.67,Kennebec
3160,Rsu 12 Sheepscot Valley Regional School Unit,Chelsea Elementary School,233,116,49.79,19,8.15,135,57.94,Kennebec
3160,Rsu 12 Sheepscot Valley Regional School Unit,Windsor Elementary School,318,146,45.91,31,9.75,177,55.66,Kennebec
3164,Rsu 18,Belgrade Central School,311,124,39.87,19,6.11,143,45.98,Kennebec
3164,Rsu 18,China Middle School,207,101,48.79,15,7.25,116,56.04,Kennebec
3164,Rsu 18,China Primary School,282,137,48.58,20,7.09,157,55.67,Kennebec
3164,Rsu 18,James H Bean School,291,80,27.49,22,7.56,102,35.05,Kennebec
3164,Rsu 18,Messalonskee High School,803,232,28.89,58,7.22,290,36.11,Kennebec
3164,Rsu 18,Messalonskee Middle School,533,192,36.02,53,9.94,245,45.97,Kennebec
3164,Rsu 18,Ralph M Atwood Primary School,252,138,54.76,22,8.73,160,63.49,Kennebec
3164,Rsu 18,Williams Elementary School,206,113,54.85,24,11.65,137,66.5,Kennebec
3173,Rsu 38,Manchester Elementary School,189,43,22.75,12,6.35,55,29.1,Kennebec
3173,Rsu 38,Maranacook Community High Sch,418,92,22.01,40,9.57,132,31.58,Kennebec
3173,Rsu 38,Maranacook Community Middle Sch,278,78,28.06,18,6.47,96,34.53,Kennebec
3173,Rsu 38,Mt Vernon Elementary School,129,54,41.86,9,6.98,63,48.84,Kennebec
3173,Rsu 38,Phoenix Academy,13,13,100,0,0,13,100,Kennebec
3173,Rsu 38,Readfield Elementary School,177,47,26.55,17,9.6,64,36.16,Kennebec
3173,Rsu 38,Wayne Elementary School,63,31,49.21,4,6.35,35,55.56,Kennebec
1243,Rsu 49/Msad 49,Albion Elementary School,125,61,48.8,18,14.4,79,63.2,Kennebec
1243,Rsu 49/Msad 49,Benton Elementary School,614,324,52.77,58,9.45,382,62.21,Kennebec
1243,Rsu 49/Msad 49,Clinton Elementary School,258,169,65.5,15,5.81,184,71.32,Kennebec
1375,Spurwink School Inc,Spurwink School--Chelsea,50,43,86,3,6,46,92,Kennebec
1166,Vassalboro School Department,Vassalboro Community School,430,221,51.4,29,6.74,250,58.14,Kennebec
1170,Waterville Public Schools,Albert S Hall School,232,149,64.22,26,11.21,175,75.43,Kennebec
1170,Waterville Public Schools,George J Mitchell School,757,567,74.9,29,3.83,596,78.73,Kennebec
1170,Waterville Public Schools,Waterville Junior High School,387,223,57.62,21,5.43,244,63.05,Kennebec
1170,Waterville Public Schools,Waterville Senior High School,603,298,49.42,48,7.96,346,57.38,Kennebec
1185,Winthrop Public Schools,Winthrop Grade School,406,177,43.6,15,3.69,192,47.29,Kennebec
1185,Winthrop Public Schools,Winthrop High School,233,63,27.04,13,5.58,76,32.62,Kennebec
1185,Winthrop Public Schools,Winthrop Middle School,202,59,29.21,17,8.42,76,37.62,Kennebec
1183,Winslow Schools,Winslow Elementary School,487,241,49.49,48,9.86,289,59.34,Kennebec
1183,Winslow Schools,Winslow High School,475,171,36,35,7.37,206,43.37,Kennebec
1183,Winslow Schools,Winslow Junior High School,317,130,41.01,23,7.26,153,48.26,Kennebec
1004,Appleton School Department,Appleton Village School,142,47,33.1,15,10.56,62,43.66,Knox
1294,Five Town Csd,Camden Hills Regional H S,690,157,22.75,34,4.93,191,27.68,Knox
1077,Hope School Department,Hope Elementary School,191,53,27.75,13,6.81,66,34.55,Knox
1202,Rsu 08/Msad 08,Vinalhaven School,178,78,43.82,22,12.36,100,56.18,Knox
3161,Rsu 13,Cushing Community School,73,33,45.21,8,10.96,41,56.16,Knox
3161,Rsu 13,Gilford Butler School,88,30,34.09,5,5.68,35,39.77,Knox
3161,Rsu 13,Lura Libby School,163,86,52.76,10,6.13,96,58.9,Knox
3161,Rsu 13,Oceanside High School East,467,217,46.47,31,6.64,248,53.1,Knox
3161,Rsu 13,Oceanside High School West,292,137,46.92,23,7.88,160,54.79,Knox
3161,Rsu 13,Owls Head Central School,80,31,38.75,5,6.25,36,45,Knox
3161,Rsu 13,Rockland District Middle School,195,105,53.85,6,3.08,111,56.92,Knox
3161,Rsu 13,South School,287,191,66.55,12,4.18,203,70.73,Knox
3161,Rsu 13,St George School,171,79,46.2,21,12.28,100,58.48,Knox
3161,Rsu 13,Thomaston Grammar School,130,63,48.46,11,8.46,74,56.92,Knox
1222,Rsu 28/Msad 28,Camden-Rockport Middle School,371,73,19.68,18,4.85,91,24.53,Knox
1222,Rsu 28/Msad 28,Rockport Elementary School,379,103,27.18,15,3.96,118,31.13,Knox
1234,Rsu 40/Msad 40,Friendship Village School,97,38,39.18,11,11.34,49,50.52,Knox
1234,Rsu 40/Msad 40,Prescott Memorial School,95,46,48.42,7,7.37,53,55.79,Knox
1234,Rsu 40/Msad 40,Union Elementary,112,52,46.43,5,4.46,57,50.89,Knox
1234,Rsu 40/Msad 40,Warren Community School,338,156,46.15,36,10.65,192,56.8,Knox
3178,Aos 93 Central Lincoln County School System,Bristol Consolidated School,169,61,36.09,12,7.1,73,43.2,Lincoln
3178,Aos 93 Central Lincoln County School System,Great Salt Bay Community School,450,138,30.67,21,4.67,159,35.33,Lincoln
3178,Aos 93 Central Lincoln County School System,Jefferson Village School,187,80,42.78,19,10.16,99,52.94,Lincoln
3178,Aos 93 Central Lincoln County School System,Nobleboro Central School,135,54,40,11,8.15,65,48.15,Lincoln
3178,Aos 93 Central Lincoln County School System,South Bristol Elementary School,63,26,41.27,5,7.94,31,49.21,Lincoln
1281,Boothbay-Boothbay Hbr Csd,Boothbay Region Elem School,401,152,37.91,32,7.98,184,45.89,Lincoln
1281,Boothbay-Boothbay Hbr Csd,Boothbay Region High School,214,77,35.98,12,5.61,89,41.59,Lincoln
1055,Edgecomb School Department,Edgecomb Eddy School,82,30,36.59,4,4.88,34,41.46,Lincoln
1364,Lincoln Academy,Lincoln Academy,512,114,22.27,25,4.88,139,27.15,Lincoln
3156,Rsu 02 Kennebec Intra-District,Dresden Elementary School,90,44,48.89,2,2.22,46,51.11,Lincoln
3160,Rsu 12 Sheepscot Valley Regional School Unit,Whitefield Elementary School,184,84,45.65,13,7.07,97,52.72,Lincoln
3160,Rsu 12 Sheepscot Valley Regional School Unit,Wiscasset High School,209,77,36.84,14,6.7,91,43.54,Lincoln
3160,Rsu 12 Sheepscot Valley Regional School Unit,Wiscasset Middle School,174,73,41.95,9,5.17,82,47.13,Lincoln
3160,Rsu 12 Sheepscot Valley Regional School Unit,Wiscasset Primary School,206,93,45.15,10,4.85,103,50,Lincoln
1234,Rsu 40/Msad 40,Medomak Middle School,280,139,49.64,25,8.93,164,58.57,Lincoln
1234,Rsu 40/Msad 40,Medomak Valley High School,550,208,37.82,44,8,252,45.82,Lincoln
1234,Rsu 40/Msad 40,Miller School,299,183,61.2,21,7.02,204,68.23,Lincoln
1154,Southport School Department,Southport Central School,22,7,31.82,0,0,7,31.82,Lincoln
1348,Fryeburg Academy,Fryeburg Academy,579,108,18.65,38,6.56,146,25.22,Oxford
1394,Holy Savior School,Holy Savior School,60,2,3.33,0,0,2,3.33,Oxford
3159,Rsu 10 Western Foothills,Buckfield Jr-Sr High School,258,140,54.26,30,11.63,170,65.89,Oxford
3159,Rsu 10 Western Foothills,Dirigo Elementary School,356,221,62.08,30,8.43,251,70.51,Oxford
3159,Rsu 10 Western Foothills,Dirigo High School,322,139,43.17,32,9.94,171,53.11,Oxford
3159,Rsu 10 Western Foothills,Hartford-Sumner Elementary School,313,175,55.91,36,11.5,211,67.41,Oxford
3159,Rsu 10 Western Foothills,Meroby Elementary School,292,212,72.6,36,12.33,248,84.93,Oxford
3159,Rsu 10 Western Foothills,Mountain Valley High School,421,266,63.18,36,8.55,302,71.73,Oxford
3159,Rsu 10 Western Foothills,Mountain Valley Middle School,283,204,72.08,28,9.89,232,81.98,Oxford
3159,Rsu 10 Western Foothills,Rumford Elementary,316,234,74.05,17,5.38,251,79.43,Oxford
3159,Rsu 10 Western Foothills,T W Kelly Dirigo Middle School,173,87,50.29,19,10.98,106,61.27,Oxford
1211,Rsu 17/Msad 17,Agnes Gray School,95,61,64.21,12,12.63,73,76.84,Oxford
1211,Rsu 17/Msad 17,Guy E Rowe School,475,302,63.58,33,6.95,335,70.53,Oxford
1211,Rsu 17/Msad 17,Hebron Station School,133,52,39.1,8,6.02,60,45.11,Oxford
1211,Rsu 17/Msad 17,Otisfield Community School,80,38,47.5,5,6.25,43,53.75,Oxford
1211,Rsu 17/Msad 17,Oxford Elementary School,408,268,65.69,35,8.58,303,74.26,Oxford
1211,Rsu 17/Msad 17,Oxford Hills Comprehensive H S,1104,495,44.84,125,11.32,620,56.16,Oxford
1211,Rsu 17/Msad 17,Oxford Hills Middle School,499,267,53.51,51,10.22,318,63.73,Oxford
1211,Rsu 17/Msad 17,Paris Elementary School,446,272,60.99,36,8.07,308,69.06,Oxford
1211,Rsu 17/Msad 17,Waterford Memorial School,125,77,61.6,9,7.2,86,68.8,Oxford
1238,Rsu 44 / Msad 44,Andover Elementary School,31,18,58.06,0,0,18,58.06,Oxford
1238,Rsu 44 / Msad 44,Crescent Park School,241,104,43.15,17,7.05,121,50.21,Oxford
1238,Rsu 44 / Msad 44,Telstar High School,246,123,50,21,8.54,144,58.54,Oxford
1238,Rsu 44 / Msad 44,Telstar Middle School,184,90,48.91,23,12.5,113,61.41,Oxford
1238,Rsu 44 / Msad 44,Woodstock School,95,45,47.37,10,10.53,55,57.89,Oxford
1249,Rsu 55/Msad 55,Sacopee Valley High Sch,401,174,43.39,42,10.47,216,53.87,Oxford
1249,Rsu 55/Msad 55,Sacopee Valley Middle School,318,150,47.17,45,14.15,195,61.32,Oxford
1249,Rsu 55/Msad 55,South Hiram Elementary School,207,135,65.22,20,9.66,155,74.88,Oxford
1264,Rsu 72 / Msad 72,Charles A Snow School,213,97,45.54,18,8.45,115,53.99,Oxford
1264,Rsu 72 / Msad 72,Denmark Elementary School,99,33,33.33,7,7.07,40,40.4,Oxford
1264,Rsu 72 / Msad 72,Molly Ockett Middle School,251,92,36.65,15,5.98,107,42.63,Oxford
1264,Rsu 72 / Msad 72,New Suncook School,189,76,40.21,13,6.88,89,47.09,Oxford
1278,Rumford-Region 9,School Of Applied Tech-Region 9,150,84,56,7,4.67,91,60.67,Oxford
1011,Bangor School Department,Abraham Lincoln School,235,122,51.91,11,4.68,133,56.6,Penobscot
1011,Bangor School Department,Bangor High School,1188,457,38.47,67,5.64,524,44.11,Penobscot
1011,Bangor School Department,Downeast School,383,348,90.86,19,4.96,367,95.82,Penobscot
1011,Bangor School Department,Fairmount School,269,170,63.2,20,7.43,190,70.63,Penobscot
1011,Bangor School Department,Fourteenth Street School,155,43,27.74,17,10.97,60,38.71,Penobscot
1011,Bangor School Department,Fruit Street School,346,110,31.79,16,4.62,126,36.42,Penobscot
1011,Bangor School Department,James F. Doughty School,395,234,59.24,19,4.81,253,64.05,Penobscot
1011,Bangor School Department,Mary Snow School,250,77,30.8,10,4,87,34.8,Penobscot
1011,Bangor School Department,Vine Street School,208,118,56.73,12,5.77,130,62.5,Penobscot
1011,Bangor School Department,William S. Cohen School,401,132,32.92,18,4.49,150,37.41,Penobscot
1021,Brewer School Department,Brewer Community School,973,381,39.16,77,7.91,458,47.07,Penobscot
1021,Brewer School Department,Brewer High School,704,227,32.24,54,7.67,281,39.91,Penobscot
1052,East Millinocket School Department,Opal Myrick Elementary School,130,84,64.62,10,7.69,94,72.31,Penobscot
1052,East Millinocket School Department,Schenck High School,133,48,36.09,17,12.78,65,48.87,Penobscot
1063,Glenburn Public Schools,Glenburn Elementary School,479,133,27.77,40,8.35,173,36.12,Penobscot
1069,Greenbush School Department,Helen S Dunn Elementary School,136,85,62.5,23,16.91,108,79.41,Penobscot
1074,Hermon School Department,Hermon Elementary School,381,74,19.42,17,4.46,91,23.88,Penobscot
1074,Hermon School Department,Hermon High School,498,97,19.48,24,4.82,121,24.3,Penobscot
1074,Hermon School Department,Hermon Middle School,274,66,24.09,11,4.01,77,28.1,Penobscot
1270,Indian Island,Indian Island School,115,64,55.65,35,30.43,99,86.09,Penobscot
1271,Indian Township,Peter Dana School,145,97,66.9,14,9.66,111,76.55,Penobscot
5604,Kingman School,Kingman Elementary School,24,22,91.67,1,4.17,23,95.83,Penobscot
1356,Lee Academy,Lee Academy,267,86,32.21,22,8.24,108,40.45,Penobscot
1105,Medway School Department,Medway Middle School,129,65,50.39,14,10.85,79,61.24,Penobscot
1106,Milford School Department,Dr Lewis S Libby School,330,159,48.18,35,10.61,194,58.79,Penobscot
1107,Millinocket School Department,Granite Street School,270,162,60,15,5.56,177,65.56,Penobscot
1107,Millinocket School Department,Stearns High School,277,131,47.29,23,8.3,154,55.6,Penobscot
1298,Mountain View Youth Dev Ctr,Mountain View Youth Dev Ctr,83,83,100,0,0,83,100,Penobscot
1240,Msad 46,Dexter Regional High School,494,272,55.06,40,8.1,312,63.16,Penobscot
1240,Msad 46,Ridge View Community School,675,447,66.22,43,6.37,490,72.59,Penobscot
5099,N F I North,N.F.I. Summit View,4,2,50,0,0,2,50,Penobscot
1276,No Penobscot Tech Center,Northern Penobsct Tech Center,200,98,49,21,10.5,119,59.5,Penobscot
1124,Orrington School Department,Center Drive School,402,86,21.39,16,3.98,102,25.37,Penobscot
3165,Rsu 19,Corinna Elementary School,146,80,54.79,11,7.53,91,62.33,Penobscot
3165,Rsu 19,Etna-Dixmont School,258,110,42.64,40,15.5,150,58.14,Penobscot
3165,Rsu 19,Newport Elementary School,297,149,50.17,22,7.41,171,57.58,Penobscot
3165,Rsu 19,Nokomis Regional High School,687,303,44.1,65,9.46,368,53.57,Penobscot
3165,Rsu 19,Sebasticook Valley Middle School,331,153,46.22,36,10.88,189,57.1,Penobscot
1216,Rsu 22/Msad 22,Earl C Mcgraw School,320,62,19.38,15,4.69,77,24.06,Penobscot
1216,Rsu 22/Msad 22,George B Weatherbee School,373,61,16.35,27,7.24,88,23.59,Penobscot
1216,Rsu 22/Msad 22,Hampden Academy,699,135,19.31,37,5.29,172,24.61,Penobscot
1216,Rsu 22/Msad 22,Newburgh Elementary School,14,10,71.43,0,0,10,71.43,Penobscot
1216,Rsu 22/Msad 22,Reeds Brook Middle School,360,66,18.33,25,6.94,91,25.28,Penobscot
3171,Rsu 26 Orono,Asa C Adams School,261,73,27.97,8,3.07,81,31.03,Penobscot
3171,Rsu 26 Orono,Orono High School,356,87,24.44,16,4.49,103,28.93,Penobscot
3171,Rsu 26 Orono,Orono Middle School,156,39,25,9,5.77,48,30.77,Penobscot
1224,Rsu 30/Msad 30,Edith A Lombard School (New),23,15,65.22,0,0,15,65.22,Penobscot
1224,Rsu 30/Msad 30,Lee/Winn School,94,53,56.38,19,20.21,72,76.6,Penobscot
1224,Rsu 30/Msad 30,Mt Jefferson Jr High School,91,47,51.65,14,15.38,61,67.03,Penobscot
1225,Rsu 31/Msad 31,Enfield Station Elementary School,259,140,54.05,38,14.67,178,68.73,Penobscot
1225,Rsu 31/Msad 31,Hichborn Middle School,113,54,47.79,15,13.27,69,61.06,Penobscot
1225,Rsu 31/Msad 31,Penobscot Valley High School,166,76,45.78,30,18.07,106,63.86,Penobscot
3172,Rsu 34 Old Town/ Alton/ Bradley,Alton Elementary School,61,25,40.98,5,8.2,30,49.18,Penobscot
3172,Rsu 34 Old Town/ Alton/ Bradley,Leonard Middle School,310,145,46.77,29,9.35,174,56.13,Penobscot
3172,Rsu 34 Old Town/ Alton/ Bradley,Old Town Elementary School,562,244,43.42,45,8.01,289,51.42,Penobscot
3172,Rsu 34 Old Town/ Alton/ Bradley,Old Town High School,492,195,39.63,33,6.71,228,46.34,Penobscot
3172,Rsu 34 Old Town/ Alton/ Bradley,Viola Rand School,79,31,39.24,3,3.8,34,43.04,Penobscot
3199,Rsu 50,Katahdin Elementary School,204,118,57.84,26,12.75,144,70.59,Penobscot
3199,Rsu 50,Katahdin Middle/High School,188,79,42.02,32,17.02,111,59.04,Penobscot
1257,Rsu 63/Msad 63,Eddington School,187,64,34.22,12,6.42,76,40.64,Penobscot
1257,Rsu 63/Msad 63,Holbrook School,257,63,24.51,13,5.06,76,29.57,Penobscot
1257,Rsu 63/Msad 63,Holden School,168,40,23.81,8,4.76,48,28.57,Penobscot
1258,Rsu 64/Msad 64,Bradford Elementary School,102,57,55.88,11,10.78,68,66.67,Penobscot
1258,Rsu 64/Msad 64,Central High School,376,137,36.44,48,12.77,185,49.2,Penobscot
1258,Rsu 64/Msad 64,Central Middle School,264,130,49.24,26,9.85,156,59.09,Penobscot
1258,Rsu 64/Msad 64,Hudson Elementary School,73,26,35.62,12,16.44,38,52.05,Penobscot
1258,Rsu 64/Msad 64,Kenduskeag Elementary School,120,57,47.5,11,9.17,68,56.67,Penobscot
1258,Rsu 64/Msad 64,Morison Memorial School,180,88,48.89,17,9.44,105,58.33,Penobscot
1258,Rsu 64/Msad 64,Stetson Elementary School,45,20,44.44,2,4.44,22,48.89,Penobscot
3175,Rsu 67,Ella P Burr School,420,252,60,37,8.81,289,68.81,Penobscot
3175,Rsu 67,Mattanawcook Academy,360,155,43.06,28,7.78,183,50.83,Penobscot
3175,Rsu 67,Mattanawcook Jr High School,322,174,54.04,28,8.7,202,62.73,Penobscot
1217,Rsu 87/Msad 23,Caravel Middle School,220,79,35.91,29,13.18,108,49.09,Penobscot
1217,Rsu 87/Msad 23,Carmel Elementary School,194,76,39.18,30,15.46,106,54.64,Penobscot
1217,Rsu 87/Msad 23,Suzanne M Smith Elementary School,248,84,33.87,31,12.5,115,46.37,Penobscot
1396,Sweetser Children'S Services,Plymouth Lodge,5,5,100,0,0,5,100,Penobscot
1167,Veazie Public Schools,Veazie Community School,174,52,29.89,2,1.15,54,31.03,Penobscot
1335,Foxcroft Academy,Foxcroft Academy,460,124,26.96,29,6.3,153,33.26,Piscataquis
1070,Greenville School Department,Greenville Consolidated School,204,87,42.65,26,12.75,113,55.39,Piscataquis
1235,Rsu 41/Msad 41,Brownville Elementary School,107,71,66.36,16,14.95,87,81.31,Piscataquis
1235,Rsu 41/Msad 41,Milo Elementary School,270,210,77.78,25,9.26,235,87.04,Piscataquis
1235,Rsu 41/Msad 41,Penquis Valley High School,350,237,67.71,37,10.57,274,78.29,Piscataquis
1261,Rsu 68/Msad 68,Se Do Mo Cha Elementary School,353,189,53.54,37,10.48,226,64.02,Piscataquis
1261,Rsu 68/Msad 68,Se Do Mo Cha Middle School,268,119,44.4,33,12.31,152,56.72,Piscataquis
1198,Rsu 80/Msad 4,Piscataquis Community Elementary School,390,257,65.9,34,8.72,291,74.62,Piscataquis
1198,Rsu 80/Msad 4,Piscataquis Community Secondary School,306,159,51.96,28,9.15,187,61.11,Piscataquis
1061,Georgetown School Department,Georgetown Central School,82,23,28.05,5,6.1,28,34.15,Sagadahoc
5099,N F I North,N.F.I. Oliver Place,5,5,100,0,0,5,100,Sagadahoc
3152,Rsu 01 - Lower Kennebec Rsu,Bath Middle School,363,195,53.72,26,7.16,221,60.88,Sagadahoc
3152,Rsu 01 - Lower Kennebec Rsu,Dike-Newell School,345,202,58.55,21,6.09,223,64.64,Sagadahoc
3152,Rsu 01 - Lower Kennebec Rsu,Fisher-Mitchell School,232,144,62.07,19,8.19,163,70.26,Sagadahoc
3152,Rsu 01 - Lower Kennebec Rsu,Morse High School Bath 1171,624,249,39.9,38,6.09,287,45.99,Sagadahoc
3152,Rsu 01 - Lower Kennebec Rsu,Phippsburg Elementary School,88,36,40.91,6,6.82,42,47.73,Sagadahoc
3152,Rsu 01 - Lower Kennebec Rsu,West Bath School,148,54,36.49,8,5.41,62,41.89,Sagadahoc
3152,Rsu 01 - Lower Kennebec Rsu,Woolwich Central School,368,143,38.86,16,4.35,159,43.21,Sagadahoc
3156,Rsu 02 Kennebec Intra-District,Marcia Buker School,239,104,43.51,14,5.86,118,49.37,Sagadahoc
3156,Rsu 02 Kennebec Intra-District,Richmond High School,148,45,30.41,8,5.41,53,35.81,Sagadahoc
3156,Rsu 02 Kennebec Intra-District,Richmond Middle School,117,46,39.32,10,8.55,56,47.86,Sagadahoc
1266,Rsu 75/Msad 75,Bowdoin Central School,215,85,39.53,16,7.44,101,46.98,Sagadahoc
1266,Rsu 75/Msad 75,Bowdoinham Community School,183,74,40.44,15,8.2,89,48.63,Sagadahoc
1266,Rsu 75/Msad 75,Mt Ararat High School,821,219,26.67,69,8.4,288,35.08,Sagadahoc
1266,Rsu 75/Msad 75,Mt Ararat Middle School,571,179,31.35,46,8.06,225,39.4,Sagadahoc
1266,Rsu 75/Msad 75,Williams-Cone School,229,64,27.95,11,4.8,75,32.75,Sagadahoc
1266,Rsu 75/Msad 75,Woodside Elementary School,328,98,29.88,27,8.23,125,38.11,Sagadahoc
3231,Athens Public Schools,Athens Elementary School,120,59,49.17,15,12.5,74,61.67,Somerset
5027,Becket Family Of Services,Becket @ Norridgewock,8,8,100,0,0,8,100,Somerset
1340,Good Will-Hinckley,Glen Stratton Learning Center,11,8,72.73,2,18.18,10,90.91,Somerset
1073,Harmony School Dept,Harmony Elementary,81,44,54.32,7,8.64,51,62.96,Somerset
5740,Kennebec Behavioral Health,Halycon House K B H,6,0,0,0,0,0,0,Somerset
2638,Maine Academy Of Natural Sciences,Maine Academy Of Natural Science,66,22,33.33,8,12.12,30,45.45,Somerset
1369,Maine Central Institute,Maine Central Institute,436,118,27.06,24,5.5,142,32.57,Somerset
3165,Rsu 19,Hartland Consolidated School,197,119,60.41,19,9.64,138,70.05,Somerset
3165,Rsu 19,Somerset Valley Middle School,193,113,58.55,11,5.7,124,64.25,Somerset
3165,Rsu 19,St Albans Consolidated,110,62,56.36,2,1.82,64,58.18,Somerset
1243,Rsu 49/Msad 49,Fairfield Primary School,166,106,63.86,14,8.43,120,72.29,Somerset
1243,Rsu 49/Msad 49,Lawrence High School,680,277,40.74,73,10.74,350,51.47,Somerset
1243,Rsu 49/Msad 49,Lawrence Jr High School,353,174,49.29,40,11.33,214,60.62,Somerset
1247,Rsu 53/Msad 53,Manson Park School,125,64,51.2,11,8.8,75,60,Somerset
1247,Rsu 53/Msad 53,Vickery School,312,163,52.24,23,7.37,186,59.62,Somerset
1247,Rsu 53/Msad 53,Warsaw Middle School,303,132,43.56,22,7.26,154,50.83,Somerset
1248,Rsu 54 / Msad 54,Bloomfield Elementary School,326,214,65.64,27,8.28,241,73.93,Somerset
1248,Rsu 54 / Msad 54,Canaan Elementary School,238,151,63.45,18,7.56,169,71.01,Somerset
1248,Rsu 54 / Msad 54,Margaret Chase Smith Sch.-Skowhegan,201,116,57.71,18,8.96,134,66.67,Somerset
1248,Rsu 54 / Msad 54,Mill Stream Elementary School,363,227,62.53,17,4.68,244,67.22,Somerset
1248,Rsu 54 / Msad 54,North Elementary School,185,126,68.11,10,5.41,136,73.51,Somerset
1248,Rsu 54 / Msad 54,Skowhegan Area High School,821,421,51.28,70,8.53,491,59.81,Somerset
1248,Rsu 54 / Msad 54,Skowhegan Area Middle School,538,304,56.51,44,8.18,348,64.68,Somerset
1253,Rsu 59/Msad 59,Madison Area Memorial H S,265,115,43.4,45,16.98,160,60.38,Somerset
1253,Rsu 59/Msad 59,Madison Elementary School,241,160,66.39,19,7.88,179,74.27,Somerset
1253,Rsu 59/Msad 59,Madison Junior High School,193,101,52.33,26,13.47,127,65.8,Somerset
1265,Rsu 74/Msad 74,Carrabec Community School,261,183,70.11,24,9.2,207,79.31,Somerset
1265,Rsu 74/Msad 74,Carrabec High School,226,98,43.36,27,11.95,125,55.31,Somerset
1265,Rsu 74/Msad 74,Garret Schenck School,80,47,58.75,4,5,51,63.75,Somerset
1265,Rsu 74/Msad 74,Solon Elementary School,110,61,55.45,11,10,72,65.45,Somerset
1206,Rsu 82/Msad 12,Forest Hills Consolidated School,164,57,34.76,17,10.37,74,45.12,Somerset
1207,Rsu 83/Msad 13,Moscow Elementary,72,43,59.72,10,13.89,53,73.61,Somerset
1207,Rsu 83/Msad 13,Quimby Middle School,51,23,45.1,9,17.65,32,62.75,Somerset
1207,Rsu 83/Msad 13,Upper Kennebec Valley Senior Hs,68,29,42.65,12,17.65,41,60.29,Somerset
1079,Islesboro School Department,Islesboro Central School,96,21,21.88,7,7.29,28,29.17,Waldo
1091,Lincolnville School Department,Lincolnville Central School,181,57,31.49,13,7.18,70,38.67,Waldo
1197,Rsu 03/Msad 03,Monroe Elementary School,65,40,61.54,2,3.08,42,64.62,Waldo
1197,Rsu 03/Msad 03,Morse Memorial School,101,65,64.36,5,4.95,70,69.31,Waldo
1197,Rsu 03/Msad 03,Mt View Elementary School,251,141,56.18,28,11.16,169,67.33,Waldo
1197,Rsu 03/Msad 03,Mt View High School,451,235,52.11,38,8.43,273,60.53,Waldo
1197,Rsu 03/Msad 03,Mt View Jr High School,319,188,58.93,31,9.72,219,68.65,Waldo
1197,Rsu 03/Msad 03,Troy Central School,79,53,67.09,11,13.92,64,81.01,Waldo
1197,Rsu 03/Msad 03,Unity Elementary School,39,25,64.1,3,7.69,28,71.79,Waldo
1197,Rsu 03/Msad 03,Walker Memorial School,88,43,48.86,9,10.23,52,59.09,Waldo
3160,Rsu 12 Sheepscot Valley Regional School Unit,Palermo Consolidated School,134,34,25.37,19,14.18,53,39.55,Waldo
3166,Rsu 20,Ames Elementary School,139,60,43.17,13,9.35,73,52.52,Waldo
3166,Rsu 20,Belfast Area High School,549,239,43.53,40,7.29,279,50.82,Waldo
3166,Rsu 20,Captain Albert W. Stevens School,331,156,47.13,19,5.74,175,52.87,Waldo
3166,Rsu 20,East Belfast School,116,79,68.1,4,3.45,83,71.55,Waldo
3166,Rsu 20,Edna Drinkwater School,90,62,68.89,3,3.33,65,72.22,Waldo
3166,Rsu 20,Gladys Weymouth Elem School,102,33,32.35,9,8.82,42,41.18,Waldo
3166,Rsu 20,Kermit S Nickerson School,74,51,68.92,7,9.46,58,78.38,Waldo
3166,Rsu 20,Searsport District High School,160,83,51.88,21,13.13,104,65,Waldo
3166,Rsu 20,Searsport District Middle School,156,98,62.82,17,10.9,115,73.72,Waldo
3166,Rsu 20,Searsport Elementary,221,140,63.35,19,8.6,159,71.95,Waldo
3166,Rsu 20,Stockton Springs Elementary Sch,34,10,29.41,2,5.88,12,35.29,Waldo
3166,Rsu 20,Troy A Howard Middle School,364,187,51.37,19,5.22,206,56.59,Waldo
1216,Rsu 22/Msad 22,Leroy H Smith School,325,167,51.38,22,6.77,189,58.15,Waldo
1216,Rsu 22/Msad 22,Samuel L Wagner Middle School,223,87,39.01,14,6.28,101,45.29,Waldo
1396,Sweetser Children'S Services,Belfast Crisis Unit,4,4,100,0,0,4,100,Waldo
1396,Sweetser Children'S Services,Belfast Me 2,4,3,75,0,0,3,75,Waldo
1396,Sweetser Children'S Services,Belfast Me 3,6,5,83.33,0,0,5,83.33,Waldo
1396,Sweetser Children'S Services,Plymouth Farm Sis,5,5,100,0,0,5,100,Waldo
1396,Sweetser Children'S Services,Sis Belfast,8,8,100,0,0,8,100,Waldo
1396,Sweetser Children'S Services,The School At Sweetser--Belfast,29,18,62.07,0,0,18,62.07,Waldo
1001,Alexander School Department,Alexander Elementary,54,28,51.85,7,12.96,35,64.81,Washington
1009,Baileyville School Department,Woodland Elementary School,127,67,52.76,13,10.24,80,62.99,Washington
1009,Baileyville School Department,Woodland Jr-Sr High School,177,75,42.37,23,12.99,98,55.37,Washington
1014,Beals School Department,Beals Elementary School,56,29,51.79,6,10.71,35,62.5,Washington
1028,Calais School Department,Calais Elementary School,278,164,58.99,18,6.47,182,65.47,Washington
1028,Calais School Department,Calais Middle/High School,280,128,45.71,26,9.29,154,55,Washington
1035,Charlotte School Department,Charlotte Elementary School,40,25,62.5,0,0,25,62.5,Washington
3230,Cherryfield Public Schools,Cherryfield Elementary,109,68,62.39,12,11.01,80,73.39,Washington
3136,Cutler School Department,Bay Ridge Elementary,53,17,32.08,6,11.32,23,43.4,Washington
3129,East Machias School Department,Elm Street School-East Machias,157,60,38.22,24,15.29,84,53.5,Washington
1288,East Range Csd,East Range I I School,36,19,52.78,10,27.78,29,80.56,Washington
5603,Edmunds Consolodated School,Edmunds Consolidated School,55,27,49.09,8,14.55,35,63.64,Washington
1054,Eastport School Department,Eastport Elementary School,90,48,53.33,13,14.44,61,67.78,Washington
1054,Eastport School Department,Shead High School,110,61,55.45,1,0.91,62,56.36,Washington
1083,Jonesport School Department,Jonesport Elementary School,124,72,58.06,17,13.71,89,71.77,Washington
1082,Jonesboro School Department,Jonesboro Elementary School,63,35,55.56,7,11.11,42,66.67,Washington
3137,Machiasport School Department,Fort O'Brien School,51,37,72.55,4,7.84,41,80.39,Washington
1292,Moosabec Csd,Jonesport-Beals High School,61,32,52.46,9,14.75,41,67.21,Washington
1095,Machias School Department,Machias Memorial High School,104,72,69.23,8,7.69,80,76.92,Washington
1095,Machias School Department,Rose M Gaffney School,353,213,60.34,35,9.92,248,70.25,Washington
5099,N F I North,N.F.I. Stetson,8,6,75,0,0,6,75,Washington
1129,Perry School Department,Perry Elementary School,96,55,57.29,5,5.21,60,62.5,Washington
1136,Princeton School Department,Princeton Elementary School,119,70,58.82,14,11.76,84,70.59,Washington
1127,Pembroke School Department,Pembroke Elementary School,101,46,45.54,18,17.82,64,63.37,Washington
1272,Pleasant Point,Beatrice Rafferty School,126,109,86.51,4,3.17,113,89.68,Washington
1143,Robbinston School Department,Robbinston Grade School,50,24,48,5,10,29,58,Washington
3169,Rsu 24,Ella Lewis School,103,76,73.79,8,7.77,84,81.55,Washington
1231,Rsu 37/Msad 37,Daniel W Merritt School,141,76,53.9,10,7.09,86,60.99,Washington
1231,Rsu 37/Msad 37,Harrington Elementary School,169,90,53.25,14,8.28,104,61.54,Washington
1231,Rsu 37/Msad 37,Milbridge Elementary School,119,81,68.07,10,8.4,91,76.47,Washington
1231,Rsu 37/Msad 37,Narraguagus High School,204,94,46.08,22,10.78,116,56.86,Washington
1208,Rsu 84 /Msad 14,East Grand School,142,96,67.61,19,13.38,115,80.99,Washington
1213,Rsu 85/Msad 19,Lubec Consolidated School,91,65,71.43,10,10.99,75,82.42,Washington
1165,Vanceboro School Department,Vanceboro Elementary School,11,4,36.36,3,27.27,7,63.64,Washington
1336,Washington Academy,Washington Academy,371,115,31,37,9.97,152,40.97,Washington
1173,Wesley School Department,Wesley Elementary School,6,5,83.33,0,0,5,83.33,Washington
3138,Whiting School Department,Whiting Village School,31,14,45.16,6,19.35,20,64.52,Washington
1000,Acton School Department,Acton Elementary School,206,78,37.86,19,9.22,97,47.09,York
1016,Biddeford School Department,Biddeford High School,800,321,40.13,45,5.63,366,45.75,York
1016,Biddeford School Department,Biddeford Intermediate School,369,199,53.93,24,6.5,223,60.43,York
1016,Biddeford School Department,Biddeford Middle School,590,265,44.92,30,5.08,295,50,York
1016,Biddeford School Department,Biddeford Primary School,540,301,55.74,19,3.52,320,59.26,York
1016,Biddeford School Department,John F Kennedy Memorial School,204,124,60.78,8,3.92,132,64.71,York
5005,Good Shepard Parish Schools,St James School,158,12,7.59,3,1.9,15,9.49,York
1085,Kittery School Department,Horace Mitchell Primary School,415,117,28.19,41,9.88,158,38.07,York
1085,Kittery School Department,Robert W Traip Academy,280,63,22.5,27,9.64,90,32.14,York
1085,Kittery School Department,Shapleigh Middle School,407,120,29.48,50,12.29,170,41.77,York
5099,N F I North,N.F.I. Beacon House,8,8,100,0,0,8,100,York
1200,Rsu 06/ Msad 06,Bonny Eagle Middle School,886,310,34.99,84,9.48,394,44.47,York
1200,Rsu 06/ Msad 06,Buxton Center Elem,701,249,35.52,68,9.7,317,45.22,York
1200,Rsu 06/ Msad 06,H B Emery Jr Memorial School,186,90,48.39,19,10.22,109,58.6,York
1200,Rsu 06/ Msad 06,Hollis School,333,120,36.04,23,6.91,143,42.94,York
3167,Rsu 21,Kennebunk Elementary School,464,110,23.71,20,4.31,130,28.02,York
3167,Rsu 21,Kennebunk High School,675,107,15.85,35,5.19,142,21.04,York
3167,Rsu 21,Kennebunkport Consolidated Sch,200,33,16.5,3,1.5,36,18,York
3167,Rsu 21,Middle School Of The Kennebunks,518,82,15.83,24,4.63,106,20.46,York
3167,Rsu 21,Mildred L Day School,251,79,31.47,9,3.59,88,35.06,York
3167,Rsu 21,Sea Road School,269,45,16.73,11,4.09,56,20.82,York
3168,Rsu 23 Old Orchard/ Dayton/ Saco,C K Burns School,608,214,35.2,39,6.41,253,41.61,York
3168,Rsu 23 Old Orchard/ Dayton/ Saco,Dayton Consolidated School,142,26,18.31,13,9.15,39,27.46,York
3168,Rsu 23 Old Orchard/ Dayton/ Saco,Governor John Fairfield School,287,139,48.43,18,6.27,157,54.7,York
3168,Rsu 23 Old Orchard/ Dayton/ Saco,Jameson Elementary School,242,103,42.56,13,5.37,116,47.93,York
3168,Rsu 23 Old Orchard/ Dayton/ Saco,Loranger Middle School,319,157,49.22,20,6.27,177,55.49,York
3168,Rsu 23 Old Orchard/ Dayton/ Saco,Old Orchard Beach High School,228,101,44.3,17,7.46,118,51.75,York
3168,Rsu 23 Old Orchard/ Dayton/ Saco,Saco Middle School,693,205,29.58,40,5.77,245,35.35,York
3168,Rsu 23 Old Orchard/ Dayton/ Saco,Young School,303,73,24.09,7,2.31,80,26.4,York
1229,Rsu 35/Msad 35,Central School,566,96,16.96,26,4.59,122,21.55,York
1229,Rsu 35/Msad 35,Eliot Elementary School,302,55,18.21,11,3.64,66,21.85,York
1229,Rsu 35/Msad 35,Marshwood Great Works School,346,89,25.72,19,5.49,108,31.21,York
1229,Rsu 35/Msad 35,Marshwood High School,795,0,0,0,0,0,0,York
1229,Rsu 35/Msad 35,Marshwood Middle School,566,109,19.26,28,4.95,137,24.2,York
1249,Rsu 55/Msad 55,Cornish Elementary School,96,52,54.17,9,9.38,61,63.54,York
1251,Rsu 57/Msad 57,Alfred Elementary School,206,67,32.52,10,4.85,77,37.38,York
1251,Rsu 57/Msad 57,Line Elementary,290,152,52.41,28,9.66,180,62.07,York
1251,Rsu 57/Msad 57,Lyman Elementary School,259,91,35.14,13,5.02,104,40.15,York
1251,Rsu 57/Msad 57,Massabesic High School,1072,372,34.7,99,9.24,471,43.94,York
1251,Rsu 57/Msad 57,Massabesic Middle School,746,290,38.87,63,8.45,353,47.32,York
1251,Rsu 57/Msad 57,Shapleigh Memorial School,145,52,35.86,12,8.28,64,44.14,York
1251,Rsu 57/Msad 57,Waterboro Elementary School,518,225,43.44,37,7.14,262,50.58,York
1254,Rsu 60/Msad 60,Berwick Elem Schools,658,230,34.95,64,9.73,294,44.68,York
1254,Rsu 60/Msad 60,Lebanon School,449,196,43.65,44,9.8,240,53.45,York
1254,Rsu 60/Msad 60,Noble High School,1097,433,39.47,107,9.75,540,49.23,York
1254,Rsu 60/Msad 60,Noble Middle School,488,189,38.73,55,11.27,244,50,York
1254,Rsu 60/Msad 60,North Berwick Elementary School,341,100,29.33,20,5.87,120,35.19,York
1148,Sanford School Department,Carl J Lamb School,523,296,56.6,41,7.84,337,64.44,York
1148,Sanford School Department,Lafayette School,134,93,69.4,6,4.48,99,73.88,York
1148,Sanford School Department,Margaret Chase Smith Sch.-Sanford,396,186,46.97,29,7.32,215,54.29,York
1148,Sanford School Department,Sanford High School,1074,440,40.97,84,7.82,524,48.79,York
1148,Sanford School Department,Sanford Jr High School,591,299,50.59,64,10.83,363,61.42,York
1148,Sanford School Department,Willard School,448,264,58.93,34,7.59,298,66.52,York
1401,St Thomas School,St Thomas School,146,10,6.85,5,3.42,15,10.27,York
1396,Sweetser Children'S Services,Belfast Cottage Staff Intensive,6,6,100,0,0,6,100,York
1396,Sweetser Children'S Services,Cape Cottage Staff Intensive,5,3,60,0,0,3,60,York
1396,Sweetser Children'S Services,East Staff Intensive,7,5,71.43,0,0,5,71.43,York
1396,Sweetser Children'S Services,Portland Adolescent Staff Intensive,8,7,87.5,0,0,7,87.5,York
1396,Sweetser Children'S Services,Saco Crisis Unit,12,8,66.67,0,0,8,66.67,York
1396,Sweetser Children'S Services,Saco Family Focus,6,3,50,0,0,3,50,York
1396,Sweetser Children'S Services,The School At Sweetser-Saco,66,56,84.85,0,0,56,84.85,York
1396,Sweetser Children'S Services,West Staff Intensive,8,6,75,0,0,6,75,York
1293,Wells-Ogunquit Csd,Wells Elementary School,469,92,19.62,30,6.4,122,26.01,York
1293,Wells-Ogunquit Csd,Wells High School,450,75,16.67,26,5.78,101,22.44,York
1293,Wells-Ogunquit Csd,Wells Junior High School,421,66,15.68,29,6.89,95,22.57,York
1191,York School Department,Coastal Ridge Elementary,314,37,11.78,15,4.78,52,16.56,York
1191,York School Department,Village Elementary School-York,308,34,11.04,12,3.9,46,14.94,York
1191,York School Department,York High School,628,43,6.85,17,2.71,60,9.55,York
1191,York School Department,York Middle School,580,40,6.9,20,3.45,60,10.34,York